question,answer
Symptoms associated with diabetes?,"Diabetes symptoms include frequent urination, increased thirst, and blurred vision, among others."
Symptoms associated with high blood pressure?,"High blood pressure may cause headaches, nosebleeds, and vision problems."
Symptoms associated with heart attack?,"Heart attack symptoms include chest pain, shortness of breath, and discomfort in the arms, back, neck, or jaw."
Symptoms associated with COVID-19?,"COVID-19 symptoms include fever, cough, loss of taste or smell, and difficulty breathing."
Symptoms associated with migraine?,"Migraine symptoms include throbbing headache, sensitivity to light, and nausea."
Potential causes for high blood pressure?,"High blood pressure can be caused by factors such as stress, high salt diet, lack of exercise, and genetics."
Potential causes for diabetes?,Diabetes is caused by a combination of genetic and lifestyle factors such as poor diet and inactivity.
Potential causes for migraines?,"Migraines can be triggered by stress, hormonal changes, and certain foods or smells."
Potential causes for asthma?,"Asthma is often caused by environmental factors, allergies, and genetic predisposition."
Potential causes for stomach ulcers?,Stomach ulcers are commonly caused by H. pylori infection and prolonged NSAID use.
Possible treatments for diabetes?,"Diabetes treatment includes medication, insulin therapy, and lifestyle changes like a healthy diet and exercise."
Possible treatments for high blood pressure?,"High blood pressure can be treated with lifestyle changes, medications, and reducing sodium intake."
Possible treatments for a sore throat?,"A sore throat can be treated by staying hydrated, gargling salt water, and taking throat lozenges."
Possible treatments for fever?,"To treat fever, rest, hydration, and fever-reducing medications like acetaminophen are recommended."
Possible treatments for anxiety?,"Anxiety can be treated through therapy, medications, and mindfulness practices."
Ways to prevent diabetes?,"To prevent diabetes, maintain a healthy diet, exercise regularly, and avoid excessive sugar intake."
Ways to prevent high cholesterol?,"To prevent high cholesterol, eat a balanced diet, exercise, and limit saturated fats."
Ways to prevent skin cancer?,"Skin cancer prevention includes using sunscreen, avoiding tanning beds, and regular skin checks."
Ways to prevent asthma attacks?,"To prevent asthma attacks, avoid allergens, take medications as prescribed, and use air filters."
Ways to prevent seasonal allergies?,"To prevent seasonal allergies, reduce exposure to allergens, and consider allergy medications."
Common uses of aspirin?,"Aspirin is used to reduce pain, fever, or inflammation and is sometimes used to prevent heart attacks."
Common uses of ibuprofen?,"Ibuprofen is used to relieve pain, reduce fever, and decrease inflammation."
Side effects of antibiotics?,"Antibiotics may cause side effects such as nausea, diarrhea, and allergic reactions."
Key differences between Tylenol and ibuprofen?,"Tylenol (acetaminophen) is primarily for pain relief; ibuprofen also reduces inflammation."
Should I take aspirin daily?,"Consult a doctor before taking aspirin daily, especially for heart attack prevention."
Foods good for lowering cholesterol?,"Foods that lower cholesterol include oats, nuts, beans, and fatty fish."
Foods to avoid with high blood pressure?,"Avoid salty foods, processed meats, and sugary drinks to manage high blood pressure."
Healthy diet considerations for diabetes?,"A healthy diet for diabetes includes low-glycemic foods, lean proteins, and plenty of vegetables."
Which vitamins help immunity?,"Vitamin C, D, and zinc are important for boosting immunity."
Is the keto diet safe?,"The keto diet can be safe but should be done under medical supervision."
Steps to take if chest pain occurs?,"If you experience chest pain, seek immediate medical attention as it could indicate a heart attack."
Steps to take if someone is choking?,"If someone is choking, perform the Heimlich maneuver to clear the airway."
Steps to perform CPR?,"To perform CPR, provide chest compressions and rescue breaths at regular intervals."
Advice for a severe allergic reaction?,"For a severe allergic reaction, use an epinephrine auto-injector and seek emergency care."
When to visit the emergency room?,"Go to the emergency room for symptoms like chest pain, difficulty breathing, or severe injuries."
Exercises that promote heart health?,"Good heart health exercises include cardio activities like walking, running, and cycling."
How much exercise is recommended weekly?,"Adults should aim for at least 150 minutes of moderate exercise per week."
Ways to improve mental health?,"To improve mental health, practice mindfulness, stay connected with loved ones, and exercise."
Tips for better sleep?,"For better sleep, avoid screens before bed, create a relaxing environment, and stick to a schedule."
Ways to reduce stress?,"To reduce stress, practice deep breathing, exercise, and engage in hobbies."
Symptoms associated with depression?,"Depression symptoms include persistent sadness, lack of interest in activities, and fatigue."
Coping strategies for anxiety?,"Coping with anxiety may include deep breathing, grounding techniques, and professional therapy."
Common treatments for ADHD?,"ADHD is commonly treated with medications, behavioral therapy, and lifestyle adjustments."
Overview of cognitive-behavioral therapy?,Cognitive-behavioral therapy (CBT) is a type of therapy focusing on changing negative thought patterns.
When to see a therapist?,"Consider seeing a therapist if you experience persistent mental health issues affecting daily life."
Symptoms of chickenpox in children?,"Chickenpox symptoms in children include itchy rash, fever, and tiredness."
Treating a fever in a child?,"To treat a fever in a child, provide fluids, rest, and child-safe fever-reducing medications."
Childhood vaccination recommendations?,"A child needs vaccinations such as MMR, polio, and DTaP according to the recommended schedule."
How much sleep do children need?,"Children need varying amounts of sleep; for example, toddlers need 11-14 hours per night."
When to take a child to the doctor?,"Consult a doctor if your child has high fever, persistent cough, or unusual symptoms."
Symptoms of menopause?,"Menopause symptoms include hot flashes, night sweats, and mood changes."
Definition of prenatal care?,Prenatal care involves regular medical check-ups to ensure a healthy pregnancy.
Managing menstrual cramps?,"To manage menstrual cramps, use heat pads, stay hydrated, and take over-the-counter pain relievers."
Common symptoms of PCOS?,"PCOS symptoms include irregular periods, weight gain, and hair growth on the face and body."
When to get a mammogram?,"Mammograms are recommended for women aged 40 and older or as advised by a doctor."
Symptoms of prostate cancer?,"Prostate cancer symptoms may include urinary difficulties and pelvic discomfort."
Ways to maintain testosterone levels?,"To maintain testosterone levels, exercise regularly, reduce stress, and consider medical advice."
Definition of male pattern baldness?,"Male pattern baldness is typically genetic, causing hair loss in a specific pattern."
Causes of erectile dysfunction?,"Common causes of erectile dysfunction include stress, high blood pressure, and diabetes."
Description of the PSA test?,"The PSA test measures prostate-specific antigen levels to screen for prostate cancer."
